perturbation,metric,rho,median_change,n
boundary_noise,assd,0.34285714285714286,0.8853518948383089,70
boundary_noise,betti0_error,0.3333333333333333,0.0,60
boundary_noise,betti1_error,0.36666666666666664,0.0,60
boundary_noise,betti2_error,0.38333333333333336,0.0,60
boundary_noise,boundary_iou,1.0,0.6170932255396953,70
boundary_noise,centroid_distance,0.6142857142857143,1.3497319715327956,70
boundary_noise,cldice,0.48333333333333334,0.01716521519626396,60
boundary_noise,dice,1.0,0.10109442863197166,70
boundary_noise,hd,1.0,6.71680106285795,70
boundary_noise,hd95,0.9857142857142858,3.101615733031722,70
boundary_noise,iou,1.0,0.1836247339131048,70
boundary_noise,lesion_f1,0.05714285714285714,0.0,70
boundary_noise,masd,0.34285714285714286,0.8839803252182684,70
boundary_noise,nsd,0.9857142857142858,0.165613826107756,70
boundary_noise,relative_volume_difference,0.6714285714285714,0.041375277724658696,70
cut,assd,0.2571428571428571,0.4477229821366343,70
cut,betti0_error,0.9833333333333333,1.0,60
cut,betti1_error,0.15,0.0,60
cut,betti2_error,0.1,0.0,60
cut,boundary_iou,1.0,0.23482034506781352,70
cut,centroid_distance,0.22857142857142856,0.37073038053452523,70
cut,cldice,0.6166666666666667,0.033689463733192315,60
cut,dice,0.7142857142857143,0.027945132421022423,70
cut,hd,1.0,9.76341359864187,70
cut,hd95,0.9428571428571428,4.837317048212494,70
cut,iou,0.9428571428571428,0.0543707800969796,70
cut,lesion_f1,0.0,0.0,70
cut,masd,0.18571428571428572,0.43658635546220226,70
cut,nsd,0.9857142857142858,0.10008716365767162,70
cut,relative_volume_difference,0.9428571428571428,0.0543707800969796,70
dilate,assd,0.5428571428571428,1.251005824637282,70
dilate,betti0_error,0.18333333333333332,0.0,60
dilate,betti1_error,0.35,0.0,60
dilate,betti2_error,0.21666666666666667,0.0,60
dilate,boundary_iou,1.0,0.9270300142235228,70
dilate,centroid_distance,0.4,0.7239302586810246,70
dilate,cldice,0.2833333333333333,0.008328941163416426,60
dilate,dice,1.0,0.13540788282723565,70
dilate,hd,1.0,3.2992244326451736,70
dilate,hd95,1.0,1.984254160230573,70
dilate,iou,1.0,0.23851430909893306,70
dilate,lesion_f1,0.0,0.0,70
dilate,masd,0.5428571428571428,1.2503954001820623,70
dilate,nsd,0.5142857142857142,0.020822854274757885,70
dilate,relative_volume_difference,1.0,0.31323896311941646,70
erode,assd,0.7,1.3979561247145997,70
erode,betti0_error,0.3333333333333333,0.0,60
erode,betti1_error,0.31666666666666665,0.0,60
erode,betti2_error,0.18333333333333332,0.0,60
erode,boundary_iou,1.0,0.9387253956621797,70
erode,centroid_distance,0.5,1.0193529300700799,70
erode,cldice,0.48333333333333334,0.01909403502637158,60
erode,dice,1.0,0.16070238745400656,70
erode,hd,1.0,5.031705264383849,70
erode,hd95,1.0,2.065742487026173,70
erode,iou,1.0,0.2769019383313486,70
erode,lesion_f1,0.17142857142857143,0.0,70
erode,masd,0.6857142857142857,1.2747414357551172,70
erode,nsd,0.6857142857142857,0.04355414586961104,70
erode,relative_volume_difference,1.0,0.2769019383313486,70
holes,assd,0.0,0.04644447030966245,70
holes,betti0_error,0.0,0.0,60
holes,betti1_error,0.0,0.0,60
holes,betti2_error,0.8833333333333333,2.0,60
holes,boundary_iou,0.5714285714285714,0.0219168825029597,70
holes,centroid_distance,0.0,0.036937446779417696,70
holes,cldice,0.2,0.0038449851768512233,60
holes,dice,0.05714285714285714,0.0015349072588329293,70
holes,hd,0.9285714285714286,9.568118280304114,70
holes,hd95,0.11428571428571428,0.0,70
holes,iou,0.05714285714285714,0.0030651087617313832,70
holes,lesion_f1,0.0,0.0,70
holes,masd,0.0,0.046032079738235504,70
holes,nsd,0.1,0.008236626524133761,70
holes,relative_volume_difference,0.05714285714285714,0.0030651087617313503,70
islands,assd,0.2,0.49976594849497213,70
islands,betti0_error,1.0,2.0,60
islands,betti1_error,0.0,0.0,60
islands,betti2_error,0.0,0.0,60
islands,boundary_iou,0.45714285714285713,0.019592551842890826,70
islands,centroid_distance,0.37142857142857144,0.6714103787751327,70
islands,cldice,0.31666666666666665,0.009026005754927013,60
islands,dice,0.11428571428571428,0.004204947617844623,70
islands,hd,1.0,54.65825582497869,70
islands,hd95,0.17142857142857143,0.0,70
islands,iou,0.22857142857142856,0.008374678748071629,70
islands,lesion_f1,1.0,0.5,70
islands,masd,0.2,0.49462921197244414,70
islands,nsd,0.22857142857142856,0.010963096449660203,70
islands,relative_volume_difference,0.22857142857142856,0.00844540916478795,70
remove_slab,assd,0.3142857142857143,0.652323779447716,70
remove_slab,betti0_error,0.08333333333333333,0.0,60
remove_slab,betti1_error,0.08333333333333333,0.0,60
remove_slab,betti2_error,0.016666666666666666,0.0,60
remove_slab,boundary_iou,0.9571428571428572,0.16820860030713158,70
remove_slab,centroid_distance,0.8714285714285714,4.352198094509756,70
remove_slab,cldice,0.43333333333333335,0.012605932203389791,60
remove_slab,dice,0.9571428571428572,0.046933443442983,70
remove_slab,hd,0.9714285714285714,14.053486925756074,70
remove_slab,hd95,0.9571428571428572,7.885040687730916,70
remove_slab,iou,0.9571428571428572,0.08965831133746904,70
remove_slab,lesion_f1,0.07142857142857142,0.0,70
remove_slab,masd,0.3,0.6360508325941451,70
remove_slab,nsd,0.9285714285714286,0.1014483602872594,70
remove_slab,relative_volume_difference,0.9571428571428572,0.089658311337469,70
shift,assd,0.9285714285714286,1.5404293564973006,70
shift,betti0_error,0.05,0.0,60
shift,betti1_error,0.08333333333333333,0.0,60
shift,betti2_error,0.03333333333333333,0.0,60
shift,boundary_iou,1.0,0.8284059117870877,70
shift,centroid_distance,1.0,3.919470791030121,70
shift,cldice,0.6,0.03961105612102411,60
shift,dice,1.0,0.1964458434275621,70
shift,hd,1.0,3.919470791030121,70
shift,hd95,1.0,3.5622008340871516,70
shift,iou,1.0,0.3283817228797216,70
shift,lesion_f1,0.17142857142857143,0.0,70
shift,masd,0.9285714285714286,1.5404288261186552,70
shift,nsd,1.0,0.3849521822405269,70
shift,relative_volume_difference,0.0,0.0,70
